,,capacity,flow,slakc,topologicalBetweenness,flowBetweenness,maxPossibleFlow,minPossibleFlow,slack,slackBetweenness
1,3,3,3,0,0.1,0.5,3,3,0,0.0
2,3,2,0,2,0.05,0.3333333333333333,2,0,2,0.3333333333333333
2,t,2,2,0,0.075,0.3333333333333333,2,1,1,0.16666666666666666
3,t,5,4,1,0.125,0.8333333333333334,5,4,1,0.16666666666666666
s,1,3,3,0,0.05,0.5,3,3,0,0.0
s,2,2,2,0,0.075,0.3333333333333333,2,2,0,0.0
s,3,1,1,0,0.075,0.16666666666666666,1,1,0,0.0
